codice_istat,lat,lng
001001,45.36589097103644,7.775911677740086
001002,44.92178584942028,7.483644723811905
001003,45.306832771152365,7.282333021028847
001004,45.431802238438394,7.943984513215522
001006,45.11817360580654,7.419934530902447
001007,45.406507938383676,7.57661647334715
001008,45.10094348163068,7.517053588905039
001009,45.036062674820236,7.866274192090509
001010,45.54613288136859,7.885972811330014
001011,44.860786100052444,7.177379984709278
001012,45.03775517491972,7.89889177096316
001013,45.07491708636858,7.39211648618123
001014,45.42254128422868,7.993204381873918
001015,45.37679456739785,7.747537313159947
001016,45.27693427544853,7.519372930040399
001017,45.406319063423254,7.744680353440365
001018,45.069811491206664,7.804683075222271
001019,45.29995023755116,7.186933104983166
001020,45.45865880320067,7.854104188046144
001021,45.29445044092964,7.6206359971267
001022,45.10074022699024,6.731367946624066
001023,45.318350003058875,7.865583332607755
001024,45.0162792615131,7.590237477224882
001025,44.787989179185175,7.28361175589979
001026,44.78434476775945,7.066523888791402
001027,45.46632298027758,7.948759276596463
001028,45.14669098205659,7.663093225044856
001029,45.427856904486426,7.659331471051038
001030,45.51412396768902,7.850337126475283
001031,45.36255772604258,7.980655847541295
001032,45.121635923430766,7.245109978403971
001033,45.26993062992423,7.767201847579901
001034,45.173625878524604,7.834449908251062
001035,44.832358249563825,7.2979648401707
001036,45.51138548906752,7.797621931806143
001037,45.1144264931181,8.069592415288641
001038,45.01429563784331,7.47401919964071
001039,45.15183358409427,8.062146207816246
001040,45.158461425134476,7.198485783337963
001041,44.87435868566497,7.424777558695719
001042,45.48383288183244,7.927318843557911
001043,45.3222165259379,7.66116119304408
001044,45.13147904022345,7.136534093787957
001045,45.07339562729092,7.435273840288779
001046,45.24437764227319,7.508179651320501
001047,45.28137260687101,7.882619253048003
001048,44.96987713826018,7.765881857386491
001049,44.80478101608977,7.32716599899004
001050,45.330429303645225,7.897440744599543
001051,44.96395289205388,7.578362276815642
001052,45.380532490310415,7.577794957239018
001053,44.951580181918004,7.332830287681372
001054,45.35079879439869,7.388118197579625
001055,45.13384807217536,7.340673176812375
001056,45.3997128620981,7.960649539573909
001057,45.585815220298564,7.830654247224953
001058,44.897007978736326,7.661636269157371
001059,44.858167104311796,7.735673187509574
001060,45.12957002182163,7.93571083567681
001061,45.48123752005583,7.907506199748812
001062,45.10617183824325,7.469898701440565
001063,45.17741764461427,7.650900989443841
001064,45.16257891559922,7.892777253709265
001065,44.89476955666867,7.566779142953986
001066,45.404672013167,7.715785251924366
001067,45.46636826373053,7.679077441896422
001068,45.11273312186529,7.803335036560455
001069,45.14601450209699,8.03435747170841
001070,44.794506655414885,7.389068938050666
001071,44.86634608736705,7.502583246763614
001072,45.3205635554389,7.362900001743332
001073,45.44444867127892,7.190749086922652
001074,44.927892168333294,6.820434849359764
001075,45.37753844658816,7.339506052498567
001076,45.16658859653455,7.170734677776278
001077,45.50394480283949,7.902410780305814
001078,45.00356904899354,7.827814501690439
001079,45.4228062061968,7.647625695724854
001080,45.1022654659596,6.985739783235569
001081,45.098551660302405,7.323318094011765
001082,45.205859824911414,7.895974143614704
001083,45.3296320392261,7.761437930812547
001084,45.44124606082922,7.681481014019437
001085,45.092866204243606,7.922377126160451
001086,45.21966431922739,7.591771444851075
001087,44.928048298822446,6.756458053307908
001088,45.32516791841698,7.465698091130315
001089,45.05069700309481,7.23242915009519
001090,45.0913180000955,7.590254743987715
001091,45.439234112627624,7.668828044438176
001092,45.43045653398367,7.812787909433125
001093,45.15709919757879,7.271846230059291
001094,45.32932165552675,7.519202792322729
001095,45.386529764420416,7.999822435844284
001096,45.35808347102212,7.812563847616879
001097,44.96767588776432,7.384500925382892
001098,45.39967069836115,7.632156040784208
001099,45.152595743241235,7.568970259070958
001100,45.10647172219016,6.918930274108367
001101,45.3107960435893,7.685468283808953
001102,45.29538546790733,7.758474214085386
001103,45.02224583515871,7.058275540982002
001104,45.212559347857436,7.528607856797845
001105,45.46624875960195,7.829844636484195
001106,45.267288174094546,7.823116318083599
001107,45.347385096752454,7.567131862708696
001108,45.463765817294714,7.620495084034094
001109,45.273471947578315,7.668207350077719
001110,44.934239291286914,7.357625392069686
001111,44.8336830771809,7.367519720755455
001112,45.11771122638263,7.838290772569563
001113,45.252330308620465,7.456470243041917
001114,45.15000142673169,6.953725345606439
001115,45.02469533576831,7.3049698977499
001116,45.16238946409804,7.494277197061126
001117,45.10708478897643,7.028927517610998
001118,45.367409270973354,7.230364697209445
001119,45.26683683693531,7.562974045104644
001120,45.05545255649202,7.593264412498615
001121,45.47784015791253,7.58766408971471
001122,44.93348516292033,7.214024877527383
001123,44.90450219483841,7.910753390624082
001124,45.44892444045807,7.737650265898314
001125,45.45390780597427,7.891084243344832
001126,45.18018089364624,7.518171154471358
001127,44.95344241192184,7.675712710707764
001128,45.275399971297325,7.480175376845314
001129,45.15297342795736,7.989437135785817
001130,45.18758375603295,7.719526219613553
001131,45.22772849570881,7.283987850288859
001132,45.48247881680325,7.821801621016194
001133,45.320150002477064,7.601079161119084
001134,45.43630005646497,7.410647127761708
001135,45.23487321914021,7.727196545283884
001136,44.84396356819868,7.636015844028437
001137,45.445432538782974,7.808664997464634
001139,44.80585422355094,7.238094930990082
001140,44.79511316177773,7.244097841336433
001141,45.311493679135936,7.770493863226164
001142,44.84959902849795,7.415677528002258
001143,45.350481873486906,8.010148497588284
001144,45.06535228137541,7.879410705150508
001145,44.96851266797545,7.02391964755118
001146,45.262572997419454,7.543229566259125
001147,45.09613862550246,7.107108008886974
001148,45.28419468969653,7.940007443190644
001149,45.10058431309785,7.065775112359235
001150,45.35645713821392,7.869205545527318
001152,45.28199697194328,7.366618132516447
001153,45.04319978683047,7.917698421568513
001154,45.16884317143901,7.076058029130547
001155,45.32404044900919,7.431434557658253
001156,44.98835659562166,7.702574072811323
001157,45.20451227220881,6.984322115203354
001158,45.0669163663552,7.853307274360652
001159,45.331943182645084,7.834657074293999
001160,45.49345595918761,7.86258063805392
001161,45.234615266211335,7.84986530688769
001162,45.162664613918096,8.01560525083224
001163,45.034988709243734,7.936297849821582
001164,44.99010798576458,7.623965893535715
001165,45.46511249447033,7.301893655708108
001166,45.24363351206408,7.567978212000821
001167,45.54220039907268,7.861758619522561
001168,44.94006034190087,7.548971669315573
001169,45.195888543705756,7.034448651163154
001170,45.318114518579975,7.691698191213459
001171,45.0057466785763,7.556013522979184
001172,45.3257670622236,7.854007982048282
001173,44.848876748103514,7.34800631385001
001174,44.874206561404115,7.609723343615483
001175,45.04444140311296,6.799110488941114
001176,45.344125599942615,7.748930561712416
001177,45.45665927309322,7.980211973844976
001178,44.83209302605265,7.583857271155429
001179,45.42290281402732,7.79614652827682
001180,45.07678771525648,7.83281575051818
001181,45.429084525068745,7.851095680813856
001183,45.01807461811523,7.752790380282825
001184,44.98208986992152,7.188042233182595
001185,45.40697108337347,7.834773303252917
001186,44.92361258186575,7.1221876282545
001187,45.35115070080061,7.638979954336046
001188,45.28703131055736,7.42696056443619
001189,45.1138569060269,7.553916193829952
001190,44.967533996592564,7.24715771570986
001191,44.89124959021627,7.348021890948409
001192,45.04427765319504,7.777674189891159
001193,44.920587148043644,7.603533672532517
001194,44.986768632470614,7.449857017196705
001195,44.92050212834292,7.426546940083417
001196,45.441000036606184,8.009024621512957
001197,44.902586901842106,7.842772089197485
001198,44.95030082325365,7.178320547989803
001199,45.43312922559215,7.584135921186005
001200,44.894728067761406,7.267867279395282
001201,44.98352970866891,6.946183587784433
001202,44.881499762101896,7.044558112938964
001203,44.852932016598764,7.897342296948446
001204,44.90111004440785,7.190891342927751
001205,44.866255894030495,7.265013064830686
001206,45.36410737366516,7.616442418662523
001207,45.361829856278334,7.577651819065247
001208,45.42403571056136,7.780923419553571
001209,45.52528102091192,7.827120282040273
001210,45.55699677396223,7.778273593822885
001211,45.053037655304166,7.42831831851713
001212,45.45288721948295,7.480002012237146
001213,45.12293689984002,7.889723773384107
001214,45.02247173291624,7.520112317991981
001215,44.97941511991364,7.888852721247439
001216,45.32657093026473,7.631807757617755
001217,45.30394235673094,7.724928388076456
001218,45.253424192570584,7.702528384681509
001219,45.06673518568753,7.523583049053756
001220,45.190416063173224,7.57835843966016
001221,45.30860058067477,7.574983274571574
001222,44.92092346456041,7.335333927743691
001223,45.4000277635851,7.870541205276067
001224,45.507502104348795,7.498044467034792
001225,45.24632799891108,7.960818063369419
001226,44.77948444252789,7.189799171234422
001227,45.011326375792365,7.127573228879629
001228,45.074911440564755,7.466585430323809
001229,45.156049133225316,7.374792777319212
001230,45.473350116375265,7.73856105440586
001231,45.35920178301358,7.693157410680556
001232,45.07513915476509,6.882656144566294
001233,45.45730258847962,7.842134506051927
001234,44.935155317788364,7.03057810700482
001235,45.44749385280267,7.839289017071112
001236,45.23207400544061,7.786522652065811
001237,45.25472174275547,7.617501294808345
001238,45.38605565834804,7.608573879143256
001239,45.134393079112094,7.216864395228082
001240,45.229991440579454,7.666689206912642
001241,45.023501895216704,7.444948795012587
001242,44.88870700052697,7.236154085462459
001243,45.13843064450884,7.524062352062932
001244,45.321492966586455,7.800170716427822
001245,45.09564431638609,7.173430469750423
001246,45.29807622808892,7.807468187954309
001247,45.39686795768909,7.80882234691117
001248,45.20448736251401,7.635782904261725
001249,45.103232437806284,7.765698800189607
001250,44.928801094610506,7.289337688872362
001251,45.346607950223074,7.665017086193343
001252,45.15212684181325,7.855720946332731
001253,45.15990466130607,7.943809146798322
001254,44.86040944028622,7.303070626853565
001255,45.09688904162541,7.359136839401112
001256,45.093673684724266,7.265552088899022
001257,44.9441902801156,7.782972891768963
001258,44.897569717864876,6.926485440916844
001259,45.01758034715808,6.870195022602627
001260,44.89315920271323,7.487309255636558
001261,45.38159390447067,7.845215277686348
001262,45.09892873450236,7.876099941741417
001263,44.96010241174403,6.883952286403899
001264,45.40663441255582,7.992666462902013
001265,45.145737888341664,7.772867913401217
001266,45.56774690271906,7.85664868531668
001267,45.40860696281,7.531303528175332
001268,45.417567901515284,7.767221938297996
001269,45.38341867982137,7.903072013086422
001270,45.13502271732402,7.076351252715514
001271,45.5415872564136,7.806822628245979
001272,45.07173831108175,7.678005386882252
001273,45.219000703057375,7.978927309710347
001274,45.39787982485886,7.762646610611007
001275,44.82440210244744,7.195818880830469
001276,45.02886809858084,7.404937127819481
001278,45.527710106739406,7.696087628158402
001279,45.262210218659966,7.420008710038721
001280,44.97494552538232,7.744577484675601
001281,45.04952123473904,7.007781877723445
001282,45.227950514127706,7.170748203616102
001283,45.095373111115954,7.293949876344768
001284,45.15421282160295,7.447353812215327
001285,45.07603572578786,7.333831515570869
001286,45.22581337001176,7.483430660310791
001287,45.36803539674027,7.659876673359578
001288,45.553435496861766,7.54196957105161
001289,45.1994622649127,7.473559838793253
001290,45.277846939713925,7.638228427854048
001291,45.1726142264558,6.98841328362386
001292,45.140725880650415,7.618934872877972
001293,45.198082800319774,7.985350690434629
001294,45.158234931104275,8.10627961325604
001295,45.388965395518895,7.94040777721963
001296,45.37704510159624,7.814842157229236
001298,45.42842802976631,7.748394234944455
001299,44.83746442576442,7.496473802265162
001300,44.79560353440732,7.484963176055873
001301,45.23668481015925,7.547632326789975
001302,45.04445285967092,7.473473688190111
001303,45.11476630626589,7.378783111207583
001304,45.29257848110834,7.975702905401663
001305,45.09335351153361,7.213107419065815
001306,44.78926341908585,7.134859555711607
001307,44.91948300516047,7.259547975160483
001308,44.916544499495245,7.740464637795985
001309,44.95536906012189,7.628989036109767
001310,44.86203009470911,7.576239347291604
001311,45.34277186132442,7.938916903478354
001312,45.445633322252235,7.751581007174283
001313,45.22514342232658,7.373310321155468
001314,45.19450852181585,7.7838521899661
001315,44.95965729243864,7.508921223655938
001316,45.15100954583387,7.703846663241452
001317,45.46208027789936,7.773148381815852
001318,45.52033404616717,7.707109820312833
002002,45.843153302399195,7.917314281278804
002003,45.42552393064559,8.381170903390123
002004,45.36972955925249,8.085403351206322
002006,45.491413209279145,8.375350715011319
002007,45.26472565682133,8.410924008945912
002008,45.821282246055425,8.141890825520635
002009,45.46151146108695,8.285257531173414
002011,45.299664285953924,8.14195569636987
002014,45.83172735087194,8.081218325337309
002015,45.350269909324055,8.053189302846935
002016,45.73083180609415,8.259751819984992
002017,45.360277500810014,8.466095563145466
002021,45.484254310051895,8.263804541429147
002025,45.79113918943157,7.991774093884947
002029,45.914491454502134,8.041735016638144
002030,45.221363237430616,8.508372820481238
002031,45.36056408504218,8.380017962486388
002032,45.42487394561632,8.206171043689698
002033,45.39790913584922,8.290837149756687
002035,45.48989194450274,8.329817007135345
002041,45.87437605436618,8.142774509187413
002042,45.287251180269216,8.01869782722917
002043,45.81334942802996,8.307003958173505
002045,45.3974113048676,8.347464724227953
002047,45.22407129357592,8.366438585870059
002048,45.866245047231814,8.1983141993525
002049,45.20336505326817,8.114421673264752
002052,45.31933378903151,8.23820963212949
002054,45.26140711089798,8.340508585921906
002057,45.907954866919695,8.129991716391787
002058,45.19981216866425,8.188146442573535
002059,45.43202795459533,8.279702149937265
002061,45.60427212435671,8.357453537157916
002062,45.52683521091995,8.37456220383155
002065,45.45585457751438,8.380870824388222
002066,45.71990553164372,8.216631923347764
002067,45.23266371759097,8.100977057948148
002068,45.55782461788749,8.367254212609938
002070,45.28747297808888,8.319422485962022
002071,45.264953640288425,8.109192342566766
002072,45.62483805272548,8.323989436402137
002078,45.825081955997916,8.021345801968614
002079,45.32344916100414,7.995559102388721
002082,45.18873187473201,8.532126969044622
002088,45.355679967631666,8.316903912087131
002089,45.39651278734757,8.386265295919822
002090,45.185807055388814,8.232273999537115
002091,45.233228925147635,8.415026019875183
002093,45.26063657822269,8.499127624441963
002096,45.756998686238504,8.070098760207111
002097,45.76014170422104,8.039578339999068
002102,45.73932579477586,8.19873856089006
002104,45.281625681857236,8.480089812867808
002107,45.76534742029628,8.254674258516948
002108,45.37794348397428,8.354494600685936
002110,45.75095468434554,7.97832687676711
002113,45.91924748646979,8.19164044630824
002115,45.20953894152691,8.416693053930505
002116,45.59596467323999,8.290939326897004
002118,45.26186736232549,8.266713302361246
002121,45.854083796087366,8.123179851771564
002122,45.53538414298533,8.31591348422863
002126,45.320361307095276,8.283826803989225
002127,45.30676049495817,8.315453530337244
002128,45.23582060559482,8.027998844721784
002131,45.35558424684425,8.2597412814878
002133,45.38311598772525,8.195856682293073
002134,45.78679180290484,8.126099443367893
002135,45.76203569487292,8.092843264698445
002137,45.67236878611683,8.309185503782812
002142,45.2287183360723,8.45678836378541
002147,45.23335001278648,8.312840079198242
002148,45.21766749560973,8.265863656451817
002150,45.32034314724896,8.18633889296906
002152,45.7284533121503,8.34866419451262
002156,45.8318875964136,8.25600994578756
002158,45.319781972449604,8.411416751218693
002163,45.43980632768275,8.331670431288302
002164,45.38696675304374,8.424731744413643
002166,45.81301796856607,8.175281268820449
002170,45.87663508354908,8.029070003160754
002171,45.76070167618167,8.311767481053774
003001,45.66634594675463,8.569561937081088
003002,45.78812981825244,8.45144745777031
003006,45.832039819936874,8.463974036276516
003008,45.759924153804725,8.5428333557423
003012,45.570375163953976,8.511421831125784
003016,45.55377685658076,8.642561542705172
003018,45.45039506834342,8.475505508588235
003019,45.68097643357693,8.407792992421026
003021,45.66213646224759,8.534647101161584
003022,45.7614760921326,8.447379235664958
003023,45.316712509022715,8.692133422071773
003024,45.697936186333315,8.469516087501608
003025,45.69222529459196,8.59864180005707
003026,45.73224238794847,8.45819000556472
003027,45.53320447140171,8.504144171296952
003030,45.526626840714464,8.576307254557543
003032,45.51438856019103,8.665230963814588
003036,45.54130688028005,8.419757556414012
003037,45.42834014303637,8.47578831699968
003039,45.48801532292107,8.503072978518793
003040,45.383790967121364,8.52747004679368
003041,45.40063392885386,8.468205439556524
003042,45.51146049017497,8.494370141762445
003043,45.711274939019795,8.62098766851932
003044,45.59923607354766,8.498271934976227
003045,45.610271269219204,8.473565421529358
003047,45.662449499259374,8.403457749059735
003049,45.404323809037386,8.790148063701302
003051,45.791750083590614,8.49029440460325
003052,45.715921171230235,8.560409009785936
003055,45.64608096339694,8.509130980139075
003058,45.66803767470814,8.454833934439382
003060,45.655727547324894,8.598447496959835
003062,45.73428244107349,8.574127961658405
003065,45.55912790308668,8.458049901713181
003066,45.640767999134006,8.468467656078722
003068,45.485486744659205,8.712547159655932
003069,45.39187310016604,8.660736697995874
003070,45.72510321782392,8.410877681189765
003073,45.59714179462577,8.425034980078363
003076,45.74902839194638,8.428547341130667
003077,45.36922881916361,8.588179349897985
003079,45.68899335627335,8.34467229448892
003082,45.75754112366146,8.48030798813448
003083,45.49512982756276,8.42101134080571
003084,45.82418500680913,8.560937237370183
003088,45.69942033542758,8.41334720774604
003090,45.50022070835624,8.46182548958266
003091,45.630348784717576,8.62989397655036
003093,45.82673528392287,8.529718507190152
003095,45.7851463971452,8.527962439776616
003097,45.62067766257557,8.600105182364047
003098,45.80674390475248,8.43406753668655
003100,45.56965493462232,8.564822214893523
003103,45.80879575554281,8.515092404033945
003104,45.37001255181745,8.647377743973596
003106,45.43958834218927,8.615682538164158
003108,45.596980973274285,8.646231308847968
003109,45.7444080136463,8.529924103270066
003112,45.7899912819169,8.415349571450927
003114,45.74721102403683,8.510781498470813
003115,45.81071239263439,8.385782530763759
003116,45.82805689612581,8.404171806211952
003119,45.79384373779565,8.507491536423075
003120,45.75803387898164,8.376797465244168
003121,45.64618010388847,8.646484191286195
003122,45.66344992261833,8.36987375548009
003129,45.46011848704608,8.42523794533152
003130,45.630656894840655,8.399329386925208
003131,45.46379096340363,8.746640807933188
003133,45.77745698345354,8.393540559823125
003134,45.427149997944134,8.420310709159079
003135,45.469106171521254,8.54088991083627
003138,45.516659435723945,8.437912685635114
003139,45.57723839143603,8.443162319915642
003140,45.73696475844734,8.398132831993841
003141,45.395568108806266,8.724813836515091
003143,45.62722341345917,8.545796646392327
003144,45.3756255952794,8.694416390453437
003146,45.352285910069796,8.726593862020097
003149,45.43231260802737,8.740698707837597
003153,45.60335593038704,8.555580213750355
003154,45.6684047922172,8.64121199347991
003158,45.34618917408055,8.661314934734168
003159,45.475966786243525,8.458322705783898
003164,45.329482357977945,8.501433542735365
003166,45.70519657198215,8.526853917064004
004001,44.48725178081351,6.950563661406649
004002,44.28768644001787,7.221625774505613
004003,44.68783959285752,8.030803623624253
004004,44.59787971564462,8.06140218459514
004005,44.11885079209608,7.990808171999938
004006,44.37830800122704,6.949382458467133
004007,44.588567164200036,8.098865680250915
004008,44.2930481718485,8.047391614385011
004009,44.7530067863606,7.254405111460033
004010,44.76518086982039,7.889862335333539
004011,44.71953749830544,8.076837478783975
004012,44.72852298881493,7.348451621618287
004013,44.61516968216152,7.941513611568831
004014,44.44836836671992,7.900784096167574
004015,44.32278258267865,8.014672797220378
004016,44.36965058585192,7.651291174230694
004017,44.57610393727496,6.983419718003417
004018,44.49926252175579,7.978818569292268
004019,44.53534859794024,7.826017190180589
004020,44.629385226360526,8.097597587674583
004021,44.549834164369564,8.177106337437266
004022,44.38286526346414,7.42696412378807
004023,44.50498761315421,8.015869490204421
004024,44.62967370652736,8.12227701698042
004025,44.32977242576335,7.471371171391799
004026,44.598518608337656,8.14170473036568
004027,44.532205303802144,8.050860621235211
004028,44.307591213483214,7.559475368721881
004029,44.706897089956875,7.825300721525276
004030,44.40142737228038,7.8748291287233
004031,44.13739039426721,7.705053542082008
004032,44.59863083353567,7.399661583330559
004033,44.58200800691986,7.327900833673602
004034,44.50914414298814,7.450074493787938
004035,44.42677951240843,8.135483830172388
004037,44.80023497182562,8.004884999060812
004038,44.4206402451779,7.054145426959894
004039,44.11920217592027,7.949135139214712
004040,44.42710125743551,7.440411731690385
004041,44.7855944838256,7.730417041009939
004042,44.74010874445812,7.473201875985304
004043,44.48058297326957,7.853740771544707
004044,44.48834122945906,7.285620986095424
004045,44.81664962062576,7.625141553275141
004046,44.75101549021743,8.052095592428733
004047,44.59211381804387,7.088843708785657
004049,44.431371484296676,7.635696867889419
004050,44.49249871394891,8.189826278640496
004051,44.77547955347132,8.033287292049069
004052,44.42701102439154,7.987798873898362
004053,44.40441950974474,7.192320455879845
004054,44.35055012141927,8.132651910247846
004055,44.62914153280085,7.972772921349309
004056,44.73044097382518,8.191399208978455
004057,44.62510935377189,8.160270950990858
004058,44.735134461517156,7.648874506505528
004059,44.708132369088354,7.698522318464127
004060,44.45841336765482,7.17533482635601
004061,44.48820923754062,7.592926432169509
004062,44.8181535748499,7.816650309756944
004063,44.57716339516051,8.077556659314705
004064,44.38592594627795,7.480706315343935
004065,44.626137083199886,7.772091258171612
004066,44.37594865466154,8.026236593966885
004067,44.64528208930717,7.832667170303358
004068,44.2604356692971,7.6708332697196
004069,44.43708995996655,7.92630965499369
004070,44.562628136565955,8.028853455822215
004071,44.47823594004105,7.924652884858053
004072,44.73664171212069,7.961242955533858
004073,44.57965333670136,8.189730443071403
004074,44.663564472331515,8.194088007144256
004075,44.56185254704293,7.490020816288712
004076,44.5705826310246,8.121423308614334
004077,44.70017264926303,7.125317456900873
004078,44.41632709878883,7.55277009659914
004079,44.329035805126054,7.253618090805079
004080,44.64845723069556,8.02504409257448
004081,44.536063765109695,7.956702697872093
004082,44.455170269276024,7.329485158057155
004083,44.54517929268018,7.078291648418174
004084,44.181669537185236,7.402790969986062
004085,44.69153996931043,7.375696604810982
004086,44.50986323860986,7.922351311066846
004087,44.79639201850949,7.571113248834983
004088,44.54480172675372,8.103854293209446
004089,44.54419236368762,7.692827453293897
004090,44.252290953678866,7.813020374054727
004091,44.28081397762546,7.775580374887194
004092,44.566316760143366,7.267792083660474
004093,44.33386147337849,7.406486972135149
004094,44.62322707374252,7.337508202682604
004095,44.1989092292493,7.992935287853514
004096,44.58874996294339,7.668532888883829
004097,44.51404089803124,8.119796042659216
004098,44.46010254798719,8.177035734669381
004099,44.79442352077782,8.104051673886664
004100,44.6594138060091,7.993877293014532
004101,44.735729651827256,8.033011011817853
004102,44.441176860176824,8.015072869948957
004103,44.59020668525371,7.370372775865243
004104,44.63246552849924,7.558105449917786
004105,44.64716715769555,7.931923189745147
004106,44.60645421759266,8.101539235743292
004107,44.55375250455441,7.88315126432602
004108,44.396179924864526,7.963982849296307
004109,44.53448484162578,8.156992747035305
004110,44.18614924203117,7.576183710440684
004111,44.30599652030469,7.982630133242678
004112,44.50494544657555,7.173437863571809
004113,44.764712522119495,8.07660019229551
004114,44.34922253929658,7.792427191787269
004115,44.680375718854265,8.153209215901153
004116,44.61304978403958,7.503538093908536
004117,44.65798019957853,7.732399965033344
004118,44.40046956141599,7.674733977135681
004119,44.435637651993105,7.115063002789947
004120,44.45540474978328,7.985805631691286
004121,44.616012062967414,7.362370416003974
004122,44.547578232239914,7.30884182547803
004123,44.31345546876934,7.387151700464549
004124,44.46582515748546,8.079466975646948
004125,44.35692283480311,7.963756036445614
004126,44.33637204005367,7.819624774084871
004127,44.314726205531166,7.939598862529825
004128,44.682247856900055,7.609907337247556
004129,44.56697292941288,7.921260703184336
004130,44.408824294815986,7.813251081708527
004131,44.46415150027775,8.12217969536878
004132,44.586053106494006,7.970677175894881
004133,44.8236287825466,7.951445136932341
004134,44.30108300476401,7.856342321101839
004135,44.77038905946039,7.916118565158696
004136,44.45836909126288,7.674601675765424
004137,44.623565507227674,8.035068418128724
004138,44.433843764461024,7.363090871569568
004139,44.387204128596814,7.302580735829595
004140,44.791818433693194,7.912544277190753
004141,44.38091512771921,8.133061850367419
004142,44.71227770751246,7.946675309631624
004143,44.765370407880106,7.538386802127214
004144,44.429669487360066,7.688414472239345
004145,44.47522714474874,8.014018403816726
004146,44.75535085177024,7.604978410450169
004147,44.59613211716994,7.873071534530672
004148,44.72769718795265,8.115865325763492
004149,44.69303421063337,8.118787456730821
004150,44.51574431563219,8.08158240532927
004151,44.40962389957119,7.922789772240486
004152,44.59087756063611,7.920117087444688
004153,44.339235925142034,8.055318816296836
004154,44.65092775489028,7.163039521144362
004155,44.15597947677173,7.867393180598796
004156,44.707206815834,7.192926352043119
004157,44.671315998183374,7.247476050278948
004158,44.607926293947195,7.428738848372659
004159,44.25624735237444,7.909589510558585
004160,44.430186610991214,8.069688695037673
004161,44.59720488088742,8.216042895928087
004162,44.32457825695655,8.09234434677793
004163,44.310748626402635,7.618151055480171
004164,44.53378949584959,8.2147263073709
004165,44.37288409856024,7.71106964112562
004166,44.568940522978046,7.447072279018704
004167,44.32717090751433,7.008445764878721
004168,44.730958910333094,7.983590698825036
004169,44.51637605279443,7.880964863026068
004170,44.72422514041239,7.8778105896637
004171,44.79083134079882,7.595901332459507
004172,44.645407295710804,7.025721576720332
004173,44.413655579814716,7.266756180739606
004174,44.502121808742835,7.0478247193486
004175,44.364516591196804,8.098882570425344
004176,44.791820665554575,8.061502271397327
004177,44.25339559733295,8.03062212328677
004178,44.49215406508595,8.13938074356083
004179,44.77628397801207,7.672900097749759
004180,44.66911068313828,7.415918097195372
004181,44.65467732748418,7.35358493318305
004182,44.35845556542926,7.375108554617352
004183,44.25638303224161,7.457005848492178
004184,44.417238218878396,8.025019222815398
004185,44.282428430148066,7.517341341804413
004186,44.262018147555956,7.871344245647401
004187,44.492461009540484,7.323501263498898
004188,44.44362590883083,7.9494623252353
004189,44.438489870270374,7.746247084835225
004190,44.250669445745025,7.731615175387772
004191,44.34490211381784,7.432648496626253
004192,44.29960200023306,7.47804409185602
004193,44.63868102955053,8.174723656839952
004194,44.67878498770062,7.965974326224893
004195,44.57522128391169,8.018286472967743
004196,44.628441579585505,8.063279251019813
004197,44.53190941779177,7.412297877081761
004198,44.71123558557301,7.602732591803211
004199,44.39569901322747,8.092449346396405
004200,44.40612245781662,8.075783830787753
004201,44.41858642421718,8.182846265840698
004202,44.58194643464222,7.797668280349654
004203,44.67003002043393,7.490196829833241
004204,44.34686296634208,7.083465072317424
004205,44.583328313584694,7.187051268311988
004206,44.49044158791826,8.059657452524977
004207,44.497115759698,7.237432554740668
004208,44.74959383285682,7.806452650132363
004209,44.64046898021799,7.302703017605754
004210,44.36918981077822,7.921289586463722
004211,44.489677366550154,7.722568527708732
004212,44.69893787141405,7.938187215041689
004213,44.70460689051717,8.219593472126498
004214,44.80120319528757,7.924496702703732
004215,44.62119544676406,7.636559248545169
004216,44.33187426423107,7.978764760469415
004217,44.688318378038026,7.558524555565119
004218,44.616093354774435,7.996194271390673
004219,44.558494171887006,8.066237698775572
004220,44.60472982641306,8.024883894701185
004221,44.530493762512776,8.014029902798706
004222,44.773603893976265,7.780912729311306
004223,44.74562110004478,7.888878591980069
004224,44.512327182024535,7.130122210364866
004225,44.49833977020122,7.532277288496085
004226,44.56298942122783,8.144987128049491
004227,44.32700889894991,7.909957784145977
004228,44.728177043470666,7.528148572074156
004229,44.43638115000447,8.03428719009195
004230,44.689630215505915,8.085320840270498
004231,44.66410628111811,8.113600185432029
004232,44.51091256394468,7.763152444365756
004233,44.22666920035574,7.302730376983079
004234,44.402528364078144,7.366470587090769
004235,44.341796061917094,7.347976732395639
004237,44.5590533340359,7.396981584498231
004238,44.67254444330254,7.931930656595157
004239,44.217099903534276,7.516272125342706
004240,44.59417468255243,7.494246670093294
004241,44.76145707784829,7.994233138639514
004242,44.36334918072896,7.866254350982765
004243,44.35911351173134,7.47615976611802
004244,44.55639047913415,7.546577454121019
004245,44.35863691208039,7.750366375414954
004246,44.73428387459547,7.573474761065692
004247,44.48674668751778,7.393961466738999
004248,44.26879268808604,7.117559357118053
004249,44.276593021284704,7.966851969243961
004250,44.56167339341458,7.579173575063449
005001,44.78736294416409,8.246756977407513
005002,45.08029787838355,7.975752212531872
005003,44.840656945691634,8.137700609066773
005004,45.09846493237496,7.993553539183445
005005,44.91326321419577,8.194349517109769
005006,44.88223290468035,8.26645035951708
005007,44.90693661931732,8.09407035168401
005008,44.83483169760385,8.332094240978352
005009,45.10151843482943,7.951343210899355
005010,44.79677453653675,8.447216179321389
005011,44.65790624226516,8.293285921159946
005012,45.006278714690275,7.95419324450816
005013,44.73489773046711,8.336198568718956
005014,45.002851579424785,8.251855290781327
005015,44.74518501282352,8.235062517899594
005016,44.983550130435006,8.087806102208646
005017,44.72194715452064,8.28293460329269
005018,44.898440344125724,8.028055071713439
005019,45.00687838718322,8.009887194751322
005020,45.01474538184077,8.335583172310235
005021,44.692415154528256,8.311400260596256
005022,44.7574096095524,8.143469561713527
005023,44.953943591105585,8.303829163733534
005024,44.72760321487857,8.37712445993398
005025,44.978561639004,8.203434610276288
005026,44.92038550105455,8.071772512750973
005027,44.743965168470176,8.431023603297415
005028,44.89387720326946,8.330109756873322
005029,44.805219049822384,8.414984874641155
005030,44.78688895634544,8.28666056566636
005031,45.03608809741244,7.977455353485208
005032,44.720316432338905,8.412633110184574
005033,44.872631768585705,7.928650919953992
005034,44.85778989204023,8.115581605841642
005035,45.047958887601034,8.030509059085132
005036,44.877199234134224,8.368803036233883
005037,44.64522276726394,8.251217262359235
005038,44.983716922208416,8.120773733466367
005039,44.96861633649485,8.096249418227845
005040,44.83479822524522,8.001739477986739
005041,44.72801895516073,8.151729037716176
005042,45.08999095844272,8.04580453206253
005044,45.00275448259227,8.154627631298997
005045,44.95590785791395,8.058039717288755
005046,45.01763891967869,8.087288262207727
005047,44.97730391819239,8.05125200594662
005048,44.83027303990598,8.365479414435923
005049,44.98523085068129,8.141656292088655
005050,44.78496694139001,8.177865651864956
005051,45.04134594864115,8.09082660184759
005052,44.91999342402629,7.981904145070477
005053,44.8728219206529,7.992508073512637
005054,44.74742372147975,8.412000295792947
005055,44.99569738979373,8.17575023485467
005056,45.00192084851753,8.295648057053858
005057,45.03641508691885,8.308085040211413
005058,44.81458583865982,8.387952882387077
005059,44.8259538215281,8.179502184366427
005060,44.670973858388024,8.256339810867372
005061,44.76245992467112,8.482110339296947
005062,44.941420059229955,8.038487957915223
005063,44.764678831220515,8.271960429415085
005064,44.57613000658613,8.329772195053
005065,44.77687589685476,8.449410319650307
005066,44.8268268604595,8.295936123481178
005067,44.93633471415989,8.077710522588879
005068,44.639343596168764,8.32703446187254
005069,45.05063469643671,8.271546516405028
005070,45.07050271511159,7.921547119331049
005071,44.84950831147683,8.225830489129995
005072,44.69993766955561,8.39112712978953
005073,44.98515688612335,8.015848143778333
005074,44.831353657114796,8.267115516201759
005075,45.012588716130686,8.113977462450258
005076,44.81398540457581,8.232783958252007
005077,44.97412533919811,8.329918911858178
005079,45.11894829913983,8.031503869541778
005080,44.769541038682654,8.354975207499272
005081,44.58198339810995,8.251618051676603
005082,45.056060989034066,8.013078387543445
005083,45.02668611549568,8.261714915588064
005084,45.02136762582075,8.061161829409464
005085,45.05414665087381,7.987206687643537
005086,45.04583593692762,8.049609245446824
005087,44.949160547355085,8.263114903972966
005088,44.750118353076985,8.448796083080186
005089,44.92956189095041,8.34541490830208
005090,44.85710022745645,8.163381911835014
005091,44.95178656881162,8.016701557753455
005092,45.10656474302929,8.103551709828892
005093,44.863547424038636,8.288744997179293
005094,44.59505728378581,8.285526747018178
005095,44.70470888836783,8.344200063730515
005096,44.85770646224577,8.347177911311347
005097,44.84541751237385,8.051850073037386
005098,44.60902745869698,8.239132301905403
005099,44.82373781449914,8.115593296291635
005100,44.75541115898109,8.300635832022639
005101,44.951725122899674,7.980736102967842
005103,44.966933789636215,8.276188186294538
005104,44.54802512139017,8.259755562715872
005105,44.670931575305914,8.338838889305318
005106,44.9590144277375,8.112593702469942
005107,44.99680876974155,8.076750328490586
005108,44.884252399728815,8.084924398428463
005109,45.0205203555679,8.189361776790625
005110,45.11773876412002,8.001915352650562
005111,44.80058990420693,8.343475874800447
005112,44.8913590707644,7.95465523980392
005113,44.630105314411864,8.22644018342474
005114,45.001999663464275,8.04993000861424
005115,44.9659232592819,8.365017367032095
005116,44.834741507966044,8.228482197379725
005117,44.91895748841664,8.03626009030028
005118,44.951428494712324,7.934792180381502
005119,45.002408991669114,8.145887469968391
005120,44.80731450683312,8.318481944373659
005121,45.05850328430932,8.107482898777286
006001,44.680927833827816,8.463777928393968
006002,44.70800774411548,9.103534861523247
006003,44.90906121420549,8.644473637688675
006004,45.04087868595643,8.208389086693394
006005,44.723516181404506,8.453086038603393
006007,44.98522159201735,8.378773792846745
006008,45.018018374868994,8.87907202501263
006009,44.6702419230412,8.888780050010322
006010,44.81187843591584,8.970915516635424
006011,45.18490038624818,8.411870243569526
006012,44.767254506583,8.713802542017577
006013,45.003865409498374,8.731633983549589
006014,44.60539451938425,8.670258752530563
006015,44.82809098518158,8.449800003712431
006016,44.875463019123806,8.954017995001832
006017,44.670323619807434,8.374726633183611
006018,44.734675099736656,8.967739951070318
006019,44.83115152331743,8.519666035893446
006020,45.092494481254946,8.529788709255415
006021,44.81930464386772,8.70523091371099
006022,44.57504995015299,8.784215254500657
006023,45.073710682019936,8.622261352916466
006024,44.81028267726939,9.044486568879615
006025,44.669693062223246,9.137410560454038
006026,45.02161388025924,8.434259872626885
006027,45.161319991386264,8.274955404731584
006028,44.732855414673715,9.061152419158592
006029,44.728987699648336,8.694336587414897
006030,44.85330871912631,8.858672897765791
006031,44.82238685469936,8.48506568533951
006032,44.806935035010184,8.89453870248594
006033,44.69184976376666,8.615727422426101
006034,44.61646571538143,9.15556065015715
006035,44.65608262862512,8.837286919370916
006036,44.59493929469259,8.42337504740521
006037,44.82430862370487,8.631987739962206
006038,44.61249973744569,8.740979891214792
006039,45.12640176497908,8.461665000268964
006040,44.91777585603906,8.98000568194151
006041,44.82105779361463,9.004544325680367
006043,44.75232211478616,8.519885111940162
006044,44.57963956331119,8.557458074473894
006045,44.79646636417955,8.9390049258737
006046,44.90686483467662,8.950084549389718
006047,44.83675801501479,8.582991270464623
006048,44.6309397822309,8.390504407623895
006049,44.68819722590317,8.708610751351044
006050,45.07526940160941,8.235421275420121
006051,44.97210635719323,8.554059569950864
006052,44.74196219047562,8.559012079755437
006053,44.97521172565763,8.874685926283568
006054,44.8008805106068,8.595945271550654
006055,44.63203817009266,8.456836459591633
006056,45.065347565389004,8.384473437060198
006057,45.089531050810145,8.322827040665606
006058,44.838475351000696,8.93035345823596
006059,45.11264090711143,8.209887170487384
006060,45.15221254558124,8.383151773111935
006061,45.03363168003234,8.462397558602145
006062,44.819229877092376,8.9307099107943
006063,44.63192422682335,8.575582475161262
006065,44.60376069955256,8.333567468328706
006066,44.76152357917525,9.045322133638997
006067,44.74145968659321,9.169164170168159
006068,44.908296616795376,8.428564532824534
006069,44.583935136173764,8.893846540882999
006070,44.72660390591548,8.738605430531623
006071,44.81925848465873,8.520023587851309
006072,45.03723958700005,8.395268708209757
006073,45.13440848274751,8.5488131910914
006074,44.78294474202989,8.691439461095685
006075,44.85219762593819,8.672645610848171
006076,44.95880186646438,8.423630502488775
006077,45.152499557612984,8.206219827997282
006078,44.80177996004633,8.527202284268705
006079,44.780259015990914,8.99746029111599
006081,44.6880345357895,8.81476803472484
006082,45.05853294163892,8.563488260290843
006083,44.80016504044809,9.108464378635807
006084,44.62683074172533,8.494392281822616
006085,44.693879004336026,8.96960447671566
006086,45.020806825299495,8.85868111933747
006087,45.031974618882835,8.84781900701486
006088,44.626091412147616,8.718698225773926
006090,44.5576458190846,8.419227074959014
006091,44.86530361537551,8.419825797562718
006092,44.63998314077823,8.421089623707855
006093,44.515148840286415,8.289430559710555
006094,45.03309117021716,8.5254687334764
006095,44.57313115979838,8.590446541294101
006096,45.02782857072602,8.895839080063183
006097,45.12540776282817,8.256189415300883
006098,44.84050056855163,9.036556142061535
006099,45.15699047904376,8.158575334894685
006100,44.64185910052816,9.07254053082703
006101,44.871088038731905,8.975066007217187
006102,44.760155681573,9.106920128775988
006103,44.665557051196046,8.727569571941318
006104,44.696215322173614,8.592452367321785
006105,44.95785541157717,8.692110682538761
006106,44.58972449944128,8.380348824863152
006107,44.84045527419892,8.959514015066503
006108,44.84889809618396,8.992854324740923
006109,45.17239771044844,8.353991475492267
006110,44.59509501698576,8.521434717905924
006111,44.627008269938116,8.759343948494166
006112,44.66717092641604,8.549005657412666
006113,45.08256409028999,8.137549454197726
006114,44.76514737694477,8.79521754090774
006115,45.06156974615933,8.511538860967809
006116,45.10487599065626,8.161371413825261
006117,45.0738668672673,8.205524961244226
006118,45.035389397729595,8.36831249599077
006119,44.688228893041426,8.565224556401922
006120,45.05197949678823,8.341692370815473
006121,44.624367003131596,8.637818799499703
006122,44.86520125038512,8.481909192792653
006123,45.107101478546504,8.368983327776006
006124,44.824698893031396,8.88642909666994
006125,44.5167555095369,8.40385057068387
006126,44.67231008772014,8.759117927349246
006127,44.750596761742045,8.746359474023821
006128,44.98682700314172,8.673101450779475
006129,44.94394679361481,8.673912324405084
006131,45.06965636421952,8.583767465993324
006132,44.956336502149064,8.940151790395316
006133,45.134907213138206,8.328661052858344
006134,44.62614355673612,8.362687318610314
006135,45.081453893393395,8.27173119289844
006136,44.55332986886151,8.493548677353411
006137,44.86840985575306,9.039145438853133
006138,44.811321592512286,8.789325315125918
006139,44.64406093667754,8.539984854448416
006140,44.75454273344529,8.638859811548901
006141,44.954025365627324,8.486455074849744
006142,44.90508277531939,8.388026127735849
006143,44.736772097217795,8.474751969912766
006144,44.71116227246198,8.558548138679338
006145,44.97352166793206,8.715342148309102
006146,44.68047171589174,9.018256233768476
006147,44.685333436895114,8.643969594667
006148,44.691398801542846,9.058022605901549
006149,45.07292921318093,8.4159463267403
006150,45.07491912831016,8.355098997147806
006151,44.96537839090458,8.800786893143675
006152,44.6951128265329,8.746166117729237
006153,45.11008398721907,8.412777298204754
006154,45.00406577933156,8.561351246837143
006155,44.787003426944246,9.070576258920616
006156,44.78431268423653,8.904107463379022
006157,44.76606752848714,8.920264703683559
006158,44.864413665555475,8.926713564054515
006159,45.09972561759147,8.289518088078994
006160,44.723815986246834,8.84961553122654
006161,44.75836400366242,8.587510163830364
006162,44.67573889841858,8.67832600809545
006163,44.912550159552914,8.501537082961313
006164,45.129804394037755,8.290887181332044
006165,44.532581278150786,8.340572081666673
006166,44.83790767200318,8.872740039339385
006167,44.73703301212835,8.899417812483769
006168,44.69842851848388,8.521087526848198
006169,44.61224664164244,8.69654383485342
006170,44.7261934773645,8.768347515188156
006171,45.07752083260068,8.450383697317372
006172,44.67712961728541,8.415519686817056
006173,45.10187470295459,8.558249447306888
006174,44.88720182475226,8.841768621416456
006175,45.096922514128465,8.354734349838656
006176,44.659487357638774,8.58649535312646
006177,45.01891372814229,8.629652408994255
006178,45.10461814926042,8.597486782888456
006179,45.007699747019196,8.400340182834269
006180,44.70936505764513,8.908351096994553
006181,44.90768356440386,8.924608929027702
006182,45.05845532011897,8.168677262825911
006183,44.81046478811675,8.858139374425903
006184,45.13386057796413,8.162670722221469
006185,45.18361529494015,8.472353731306908
006186,44.846966229471896,8.897779607060635
006187,44.65390751989115,8.50831774759003
006188,44.88756038535291,8.999761249037652
006189,44.89467397900799,8.959049823239571
006190,44.60262628590356,8.845481596086108
006191,44.77056020313884,8.869654597281118
006192,44.96777525418282,8.753636671332286
006193,45.00237934247283,8.483777747786986
096001,45.71752151576938,8.200382753175717
096002,45.64193423127381,8.004684592559247
096003,45.51306964248699,8.137963065668837
096004,45.59237378357422,8.020256785373189
096005,45.65676862002311,8.082841654286186
096006,45.50672822043926,8.03814764823213
096007,45.57229391421624,8.267274250711772
096008,45.65067668732839,8.060500210142218
096009,45.67018380900626,8.083267911010541
096010,45.5434934991991,7.999879571509707
096012,45.538220105112494,8.124015979823609
096013,45.727004780106036,8.166086879413239
096014,45.61433369091403,8.199545014641686
096015,45.51951648436322,8.243132292699757
096016,45.402499367654194,8.109964518597591
096018,45.475167505924794,8.071020636013303
096019,45.71360516460398,8.156828992876076
096020,45.552935443646874,8.18435620343228
096021,45.696087103411855,8.211666391710773
096023,45.63642799600085,8.237035776856928
096024,45.542496848736775,7.908263005433843
096025,45.42617562886227,8.109893743953265
096026,45.53460370940882,8.08075356585999
096027,45.49457684369335,8.234787321927016
096028,45.57154307640875,7.938843484644864
096030,45.46931263591638,8.003736874968745
096031,45.48612346288775,8.16318783991124
096032,45.5699840878669,8.242111823863082
096033,45.629122369096635,8.189152776519535
096034,45.616215868112576,8.042677363694777
096035,45.521895624465145,7.994792462625558
096037,45.503004510065566,8.203998704430191
096038,45.57180641644028,7.964092906458861
096039,45.545471100975554,7.940293952041087
096040,45.54439056482916,8.02329417459746
096041,45.57125308142208,7.996210018977725
096042,45.66648265898531,8.063696484497385
096043,45.60403810628813,8.127590515361492
096044,45.696809966077666,7.959183576795825
096046,45.601760329393606,7.963798291186977
096047,45.5304847730633,8.050517510253021
096048,45.694878897032,8.145775543584438
096049,45.606870121417444,8.023106269064352
096050,45.67309731482839,8.208794861651496
096053,45.58347513937369,8.09413205213005
096054,45.4249516422277,8.07081867670844
096055,45.67551200760178,7.962461227447442
096056,45.65230888462204,7.992787285861082
096057,45.51034294772136,7.958058091224689
096058,45.4516154946733,8.139098485626892
096059,45.511864513986076,8.077733750468262
096063,45.596850442891125,7.949433668565108
096064,45.650924581975566,8.281170543513612
096065,45.62312250005587,8.171719075733826
096066,45.66417463182673,8.035084468646795
096067,45.589063735582656,8.115898434510315
096068,45.59965922498428,8.044233043160828
096069,45.49849234566717,7.950337160655967
096071,45.56737882483702,8.137569036307463
096072,45.66273884383994,8.097428850788075
096074,45.68108399789062,8.078935099456661
096075,45.6536016263758,8.091893872302672
096076,45.4990369388487,8.116929386082127
096077,45.56258325930237,8.111343862110846
096078,45.62139524747572,8.288719297172136
096079,45.471914151204444,8.198818137859606
096080,45.42052683250141,8.044156099833373
096081,45.4500911570807,8.041366651896817
096082,45.489970155911784,8.008273879658377
096083,45.59418685709341,8.086171100717314
096085,45.572033511086474,8.210294498757781
096086,45.66100917088623,8.001739325931597
096087,45.57994517899849,8.161664319326633
096088,45.671552928386205,8.12756555722597
103001,46.05712235441978,8.085483976999265
103002,45.97006493769337,8.340044687143013
103003,45.955148977019114,8.582297187395724
103004,45.8156471090434,8.344286997026526
103005,46.02471597675653,8.580495867769462
103006,46.318095140642924,8.279985628033824
103007,45.95641306630414,8.1368969619451
103008,45.91552384908489,8.493494621629136
103009,45.969193666772355,8.578839362481661
103010,45.84548950707327,8.579094481446246
103011,46.05652310461947,8.319946739018437
103012,46.12884156368598,8.176422628821793
103013,45.849002341988395,8.52707155010317
103014,45.999659006072704,8.183788353579342
103015,45.969451851590414,8.54230416783571
103016,46.01435053896317,8.67497065894474
103017,46.06832617272067,8.671705369347443
103018,45.992290948204804,8.549362866368018
103019,45.92165778040726,8.405840783959992
103021,45.97635826311365,8.051518951369907
103022,45.832571257903176,8.355530287001764
103023,46.01869466496929,8.476526038619927
103024,46.17531638862645,8.509237671787377
103025,46.16539464524659,8.278816906768864
103026,46.24333772861322,8.295205801912502
103028,46.12292178968066,8.254074603411647
103029,46.13177588802952,8.41231928846194
103031,46.398226234142044,8.400216802946117
103032,45.89929930834974,8.385420291127863
103033,45.95818000967898,8.617330340785633
103034,45.86467661622027,8.498844051015123
103035,45.9192360599038,8.437758470353447
103036,46.080473057653585,8.546675239675372
103037,46.008198300128534,8.562613166885019
103038,45.922471384856564,8.368119544819487
103039,45.95343787535447,7.95563791216868
103040,45.7903979887771,8.344644582889613
103041,46.092009005766016,8.483781590385812
103042,46.143904646946936,8.35366272148186
103043,45.92968939336728,8.313909700166379
103044,45.97452713958111,8.434119510611449
103045,46.016072093788274,8.519246114615703
103046,46.21544856024774,8.39001272102014
103047,46.07959182842979,8.195280520191673
103048,45.85332063981785,8.365981224568559
103049,45.99474801631642,8.644580442467682
103050,45.870667827796815,8.417645960111184
103051,45.96271253138705,8.387639129938066
103052,46.04224863241288,8.249143264798283
103053,46.0235916719316,8.247751846624679
103054,45.983466789008126,8.274204258281028
103055,45.982843512088536,8.599530352375814
103056,46.30622794010143,8.362164290980424
103057,46.01672890475235,8.36263442261506
103058,45.88917128044497,8.362536755761704
103059,45.877195107872154,8.328679523979925
103060,46.14895785019824,8.567652213277324
103061,45.990970101814405,8.458616795526076
103062,46.163072902801915,8.449879514063223
103064,45.887029528173514,8.525661581832138
103065,46.17502157678263,8.479840274038834
103066,46.038464870275604,8.642275056949678
103067,46.216051994895565,8.181343353764479
103068,46.08946657813087,8.364396258983279
103069,45.92658230599112,8.282629449210242
103070,45.98667467198094,8.106003790921244
103071,46.24336704929143,8.197012568826864
103072,45.935110289781264,8.540275074099421
103074,45.96385773919148,8.563173068687716
103075,46.07129007113944,8.258504535466036
103076,46.13526000593436,8.53789079621008
103077,46.022140679279836,8.298036881430797
103078,46.04706679642479,8.18827578813185
103079,46.085168350126324,8.580855415590472
